basename,author,lines_added,n_commits
403.html,normaluser111,19,1
__init__.py,csw,461,10
__init__.py,나(이재호),0,1
__init__.py,normaluser111,31,2
__init__.py,김나현,0,1
_common.py,csw,162,3
_header.html,csw,76,2
_sidebar.css,csw,155,1
_sidebar.html,csw,53,1
_sidemenu.html,csw,97,1
admin.py,csw,227,8
admin.py,나(이재호),2,1
admin.py,김나현,3,2
alarm_levels.js,normaluser111,118,1
alarm_list.html,csw,416,3
alarm_list.html,서호준,102,1
anomaly_detector.py,csw,309,1
anomaly_detector.py,나(이재호),150,1
anomaly_detector.py,normaluser111,220,1
apps.py,csw,97,8
apps.py,normaluser111,16,1
apps.py,김나현,8,2
arima_forecast.py,csw,58,1
arima_predictor.py,나(이재호),205,1
asgi.py,csw,43,2
audit.py,csw,106,2
audit.py,normaluser111,185,2
auth_internal.py,csw,44,1
backup.py,csw,12,1
backup.py,normaluser111,283,1
backup_list.html,normaluser111,237,1
base.css,csw,150,3
base.css,서호준,1,1
base.css,나(이재호),5,3
base.html,normaluser111,263,2
base.html,csw,189,4
base.js,csw,857,8
base.js,나(이재호),84,6
base.js,normaluser111,97,1
base.js,서호준,73,1
base.py,csw,413,2
build_neighbor_cache.py,csw,31,1
cache.py,csw,107,1
celery.py,csw,43,2
celery_metrics.py,csw,232,3
checklist.css,csw,331,1
checklist.html,csw,103,1
checklist.js,csw,211,1
checklist_data.py,csw,144,1
classifiers.py,csw,158,2
cleanup_data.py,normaluser111,88,2
codes.js,normaluser111,297,1
components.css,csw,627,4
console.py,normaluser111,25,1
constants.py,csw,14,1
consumers.py,csw,145,3
context_processors.py,normaluser111,30,1
dashboard.css,csw,1116,4
dashboard.css,김나현,558,1
dashboard.html,csw,1501,8
dashboard.html,서호준,1,1
dashboard.html,나(이재호),3,1
dashboard.html,김나현,560,1
debug_d2_fk.py,csw,163,2
devices.js,normaluser111,213,1
devices.py,csw,425,2
diffusion.py,csw,69,1
edit.html,normaluser111,236,1
email.py,normaluser111,33,1
events.py,csw,398,5
fcm_stub.py,normaluser111,22,1
forms.py,csw,0,1
forms.py,normaluser111,1414,3
geo_utils.py,normaluser111,51,1
geofence_service.py,csw,184,3
geofence_utils.py,csw,49,2
header.css,csw,377,1
header.js,csw,75,1
home.html,csw,93,4
images_list.html,normaluser111,322,1
inject_and_check.py,csw,148,1
inject_test_anomaly.py,csw,84,1
landing.html,csw,1,1
landing.html,normaluser111,47,1
landing.py,csw,35,2
list.css,csw,640,1
list.html,normaluser111,1205,1
list.html,csw,243,1
list.js,csw,399,1
log_list.html,normaluser111,257,1
login-page.css,csw,321,5
login-validation.js,csw,54,4
login.css,csw,461,5
login.html,csw,255,4
main.css,normaluser111,834,1
manage.html,normaluser111,953,1
manage.py,csw,22,2
map.css,csw,584,4
map.html,normaluser111,4643,3
map.html,csw,3102,3
map.html,서호준,80,1
map.js,csw,1578,5
map.js,나(이재호),8,1
maps.js,normaluser111,380,1
maps.py,csw,367,2
maps.py,나(이재호),2,1
masters.py,csw,976,2
metrics.py,csw,130,2
middleware.py,normaluser111,51,1
middleware.py,csw,117,2
models.py,csw,1047,10
models.py,나(이재호),39,5
models.py,normaluser111,993,3
models.py,서호준,29,2
models.py,김나현,16,2
multi_leak.py,csw,124,1
neighbor_graph.py,csw,129,1
notices.js,normaluser111,126,1
notices.py,csw,239,2
notification_dispatcher.py,normaluser111,218,1
notification_queue.py,normaluser111,91,1
notifications.py,csw,409,2
notifiers.py,csw,127,1
operational_base.py,csw,344,2
operational_h2s.py,csw,37,1
operational_multi.py,csw,69,3
operational_single.py,csw,57,1
operations.py,csw,400,3
organizations.js,normaluser111,460,1
organizations.py,csw,297,2
page_urls.py,csw,21,1
permissions.py,normaluser111,108,1
player.css,csw,270,1
player.html,csw,149,1
player.js,csw,338,1
policies.js,normaluser111,153,1
policy_list.html,normaluser111,178,1
polygon_utils.py,csw,122,1
positions.js,normaluser111,133,1
positions.py,csw,133,2
profile.css,csw,346,1
profile.html,csw,256,5
profile.js,csw,272,1
public_test.html,csw,42,5
publishers.py,csw,212,4
publishers.py,서호준,0,1
retention_list.html,csw,4,1
retention_list.html,normaluser111,385,2
risks.js,normaluser111,307,1
routing.py,csw,13,1
run_scenario.py,csw,118,1
scenario_panel.css,csw,213,3
scenario_panel.js,csw,129,1
scenario_views.py,csw,174,1
section_08_safety.css,csw,15,1
section_08_safety.html,csw,44,2
section_09_map.css,csw,66,2
section_09_map.css,서호준,1,1
section_09_map.html,csw,190,4
section_09_map.html,나(이재호),8,1
section_09_map.js,csw,424,6
section_09_map.js,normaluser111,9,1
section_09_map.js,나(이재호),8,1
section_09_map.js,서호준,33,1
section_10_events.css,csw,163,6
section_10_events.css,나(이재호),28,2
section_10_events.html,csw,51,4
section_10_events.html,나(이재호),18,1
section_10_events.js,csw,332,5
section_10_events.js,나(이재호),87,3
section_11_workers.css,csw,76,2
section_11_workers.html,csw,51,3
section_11_workers.js,csw,313,5
section_11_workers.js,나(이재호),3,1
section_12_13_gas.css,csw,93,1
section_12_13_gas.css,서호준,93,1
section_12_13_gas.html,csw,116,4
section_12_13_gas.html,나(이재호),16,2
section_12_13_gas.html,서호준,12,1
section_12_13_gas.js,csw,668,5
section_12_13_gas.js,나(이재호),55,3
section_12_13_gas.js,서호준,108,1
section_14_15_power.css,csw,55,3
section_14_15_power.css,서호준,41,1
section_14_15_power.html,csw,106,3
section_14_15_power.js,csw,689,5
section_14_15_power.js,서호준,79,1
section_16_ai_performance.html,csw,267,2
seed_data.py,csw,438,6
seed_data.py,서호준,69,1
sensor_evaluator.py,csw,313,4
sensor_evaluator.py,normaluser111,8,1
serializers.py,csw,327,5
serializers.py,서호준,8,1
serializers.py,김나현,9,2
services.py,csw,775,4
services.py,서호준,164,2
services.py,나(이재호),317,6
settings.py,csw,331,16
settings.py,normaluser111,4,1
settings.py,서호준,4,1
signals.py,normaluser111,39,1
signup-page.css,csw,277,5
signup-validation.js,csw,124,4
signup.html,csw,420,4
single_leak.py,csw,115,1
sms_stub.py,normaluser111,20,1
state_store.py,csw,279,4
state_store.py,나(이재호),39,1
sudden_leak.py,csw,109,1
tasks.py,csw,213,4
tasks_scenario.py,csw,211,3
tests.py,csw,494,8
tests.py,김나현,3,2
tests_phase_i3.py,csw,161,1
tests_scenarios.py,csw,234,1
thresholds.js,normaluser111,298,1
tick_dynamic_zones.py,csw,39,1
trend_predictor.py,csw,234,1
trigger_test_zone.py,csw,87,1
ttm_engine.py,csw,185,2
urls.py,csw,305,10
urls.py,normaluser111,211,4
urls.py,서호준,3,1
urls.py,김나현,8,2
users.js,normaluser111,203,1
users.py,csw,465,2
verify_phase_d1.py,csw,79,2
verify_phase_d2.py,csw,121,2
verify_phase_i2.py,csw,114,2
verify_phase_i4.py,csw,92,2
views.py,csw,3072,17
views.py,나(이재호),211,10
views.py,normaluser111,2539,5
views.py,서호준,104,3
views.py,김나현,10,2
views_demo.py,csw,38,1
worker_evaluator.py,csw,425,4
wsgi.py,csw,16,1
zone_lifecycle.py,csw,528,3
{anomaly_detector.py => zone_anomaly.py},csw,4,1
